language,movies
Español,[None]
English,[None]
English,[None]
English,[None]
Latin,['Megalopolis']
Tiếng Việt,"['Freedom', 'Take Cover', 'Beetlejuice Beetlejuice']"
English,[None]
Pусский,[None]
English,[None]
Español,[None]
English,[None]
Português,['Apocalypse Z: The Beginning of the End']
Français,[None]
svenska,['Let Go']
English,[None]
English,[None]
English,[None]
Français,[None]
English,[None]
Tiếng Việt,[None]
English,[None]
English,[None]
English,[None]
English,[None]
English,[None]
English,[None]
No Language,['Flow']
English,"['Venom: The Last Dance', 'Terrifier 3', 'The Wild Robot', 'Apocalypse Z: The Beginning of the End', 'Gladiator II', 'Deadpool & Wolverine', 'The Substance', 'Red One', 'Transformers One', 'Classified', 'Alien: Romulus', 'Despicable Me 4', 'Arcadian', 'Cash Out', 'Venom', 'Inside Out 2', 'Survive', 'Venom: Let There Be Carnage', 'Gladiator', 'Azrael', 'Sing: Thriller', 'Joker: Folie à Deux', 'Canary Black', 'Take Cover', 'Dominique', 'Amityville: Where the Echo Lives', 'Beetlejuice Beetlejuice', 'Terrifier', 'The Canterville Ghost', 'Bad Boys: Ride or Die', ""Don't Move"", 'Wicked', 'Battle for the Western Front', 'My Old Ass', 'Moana 2', 'Bagman', 'Megalopolis', 'Terrifier 2', 'Time Cut', 'The Crow']"
English,[None]
Español,[None]
English,[None]
English,[None]
Pусский,"['Apocalypse Z: The Beginning of the End', 'Whisper of the Witch', 'Megalopolis']"
Tiếng Việt,[None]
English,[None]
English,[None]
English,[None]
Bahasa indonesia,['Kelas Bintang - Hot Moms']
English,[None]
ქართული,['The Platform 2']
Deutsch,['Apocalypse Z: The Beginning of the End']
Français,"['Apocalypse Z: The Beginning of the End', 'The Count of Monte-Cristo', 'Freedom', 'Megalopolis']"
English,[None]
English,[None]
Español,[None]
普通话,['Venom']
Español,"['Apocalypse Z: The Beginning of the End', 'Venom: Let There Be Carnage', 'Do Not Enter', 'The Platform 2', 'Battle for the Western Front', 'My Fault', 'Megalopolis']"
English,[None]
Français,[None]
English,[None]
English,[None]
English,[None]
Română,['The Count of Monte-Cristo']
Pусский,[None]
English,[None]
English,[None]
,['Do Not Enter']
English,[None]
English,[None]
English,[None]
English,[None]
Bahasa melayu,['Venom']
Español,[None]
العربية,['Apocalypse Z: The Beginning of the End']
English,[None]
日本語,"[""My Hero Academia: You're Next""]"
English,[None]
English,[None]
Italiano,['The Count of Monte-Cristo']
English,[None]
Español,[None]
Galego,['Apocalypse Z: The Beginning of the End']
